{"input_shapes": [[16]], "input_data": [[0.04548197612166405, 0.07078775018453598, 0.06170690059661865, 0.03342857584357262, 0.008296209387481213, 0.060768771916627884, 0.0987633690237999, 0.0007166028372012079, 0.028984392061829567, 0.03954380750656128, 0.08619731664657593, 0.03646582365036011, 0.0923895612359047, 0.019333500415086746, 0.013996506109833717, 0.07793594896793365]], "output_data": [[0.7150106430053711]]}