{"input_shapes": [[16]], "input_data": [[0.05037285014986992, 0.0612826831638813, 0.00567556032910943, 0.07394729554653168, 0.09802958369255066, 0.06673086434602737, 0.05950015410780907, 0.020390791818499565, 0.05275191739201546, 0.07925621420145035, 0.03571223095059395, 0.07331657409667969, 0.0006028831121511757, 0.005229455418884754, 0.031207555904984474, 0.006704587023705244]], "output_data": [[0.764240562915802]]}